{
  "galacticraftcore:galacticraft/root": {
    "criteria": {
      "tick": "2022-08-27 20:36:29 -0400"
    },
    "done": true
  },
  "aether_legacy:enter_aether": {
    "criteria": {
      "enter_aether": "2022-08-27 20:38:39 -0400"
    },
    "done": true
  },
  "minecraft:adventure/root": {
    "criteria": {
      "killed_something": "2022-08-27 20:39:05 -0400"
    },
    "done": true
  },
  "minecraft:recipes/redstone/redstone_lamp": {
    "criteria": {
      "has_glowstone": "2022-08-27 20:38:19 -0400"
    },
    "done": true
  },
  "galacticraftcore:galacticraft/launch_rocket": {
    "criteria": {
      "launched_rocket": "2022-08-27 20:43:35 -0400"
    },
    "done": true
  },
  "cfm:root": {
    "criteria": {
      "tick": "2022-08-27 20:36:29 -0400"
    },
    "done": true
  },
  "galacticraftcore:galacticraft/moon": {
    "criteria": {
      "traveled_to_moon": "2022-08-27 20:47:37 -0400"
    },
    "done": true
  },
  "twilightforest:alt/compat/tconstruct": {
    "criteria": {
      "book": "2022-08-27 20:36:28 -0400"
    },
    "done": true
  },
  "cfm:install": {
    "criteria": {
      "tick": "2022-08-27 20:36:29 -0400"
    },
    "done": true
  },
  "minecraft:recipes/brewing/cauldron": {
    "criteria": {
      "has_water_bucket": "2022-08-27 20:38:22 -0400"
    },
    "done": true
  },
  "minecraft:adventure/adventuring_time": {
    "criteria": {
      "forest": "2022-08-27 20:36:28 -0400"
    },
    "done": false
  }
}